apl_id;apl_method;apl_url;apl_http_code;apl_date;apl_duration;apl_ref_person;apl_error;apl_data;apl_ip;apl_trace_context
1130322495;GET;https://services.psg.co.za/distribution/imports/api/log-batch/is-in-progress?lba_type=30&lba_name=PSG Insure Policy Schedule Import;200;2024-11-13 04:00:03.00;0.32234;NULL;;eJyFVFuPokgU/iuEh32ZQatARHsy2XhF7AZp0RZdNqYoSimbW1MgwqT/+xZ272ays8m+nct3bvXVOT/EMo/EB1GfbYSwKDL24HW9LiP5lWLCOhk7d3DaaZDXDSgrcuqXBU0Tr0vjLM0L5nVRRr1ulJ4lHxU45A4m0UTK8vScE8Z+j3x0LOqMfFfAb62coJh8tx1dMBJW5kSw04jiWnBwSIIyIoJxzyt+FXPyVhJWHEOCApIz8eGHuOVtSaMzSYq24bJpIrLgLXvdfkftqALmk3hdraOBDhDshd3KvQ6EPNkiZW3Mr2Nx36gswjSnDWoH46AxQTnJBVIvAXFHdEWXjy/wmT5NlqGv41Z3to0BLbocdjgow4rZGtNgsa5wk+EnWF19N6pwPL8EenQ5OGqFZVzu5UFJ4tk9UbB7bmMK4o7r/c4CaGdFBq3owQ0r45LerMa8WZuRbE1HDcdne5fjLzPFbGbAupi1OTWZEav0QI2+ucGNuXmWzcaozLqiwSKqDo7RNxIrwoqV+XKvrQnRvaZxs6amYl5GclsvcJdXXo8+b9eWs73jwv/C7X/FsU9cK1+Cxfkun547djN9mo21R9st7UjH8MWPw1odBhd/B5xEB/vFvNpAQy1sNQsurmW4xrKQb6u1GwwWy8Mw6im4WoDeonfdr1ZhvO+/yHMrWEsKnaixfrKs42VdyQbUx4M32x3H4fUACrZ5G85P4/FeumwGLNhZytp5DP3JdqfaezUtdkd5Bm3J3dI8erzFwJqy8+tKr+spUeFwXU+nMqPh5AXWTYxOh+G52VX5antQ5m9web4pc7aIlXnPMntEP2tvJzYiqvGKaXF7lJerUT6+DbR03nNmta74uuWzbX/9Osqxee2NkhxszTpyx8VGeqFahV8j6+hK1uR6OUjnBTrmMsrHtlvo9tDBz0f49ogzf7e6ruHKj16lCVqN+D/d5AiTjP/N+/cHQAJDMIBaX+lDpCnA1wawp6lEOQ1AoA2HCEga8ftAlvuqdpJ9ArEEoPjebhbL0oSRn1drigrCs+5I8FWAimClV0EGck8A8gMADwoUdHPDe5ikScHrSxu+0RyOsoxvL/q4CBeWJt8EHKKckeJ7WZykwU8RTyQ5FyGPkWX5w5wQ/Llxr4RkEorolXCPw48M5hVylLD2FEgO4YtNi5oDY3ST0JnfEqgqfQDAN4EmOCoD4pT+NI0RTdjHgB+nw0+DNkr8aeRP0w9PXBNWRoUnPpxQxMhXT5zleZpzPSmjiKsvvKHgY7R/bCYpEH8pxC1/8BR3Rj71v1Uj4Ion/h83nsjTORlKPvFYVn0IFDDAAfAHcv/ut+9kfyL+TeYd0dJ297ZkSRBKUNmAXksZUDo9ZQigDL/cOfTE9/c/38X3vwDtkO4x;;00-0908176361a730b781475e3f80d799a0-7eb6022657f2be1c-01
1130322501;GET;https://services.psg.co.za/distribution/imports/api/import/Lookup/log-batch-type;200;2024-11-13 04:00:03.00;0.03360;NULL;;eJyNWFtz4rgS/isunnbrDIlvYMjWPnCHJDYEQyA5nKJkWYCIb+MLBKbmv5+2ZYgNJrsPUxPUn9Stry/q9q9S5Fulh1KvM+E2YegFD4v7xX1A/B3FJLjzgvUddu+OaHFv0iD0qRGF1HUW99T2XD8MFvfIo6dfi/tn1/2IvMW95a7LBgrxphwePFL6UfLJz4gE4XJDkEn8oPTwqzQFJeXGmjhhrD46Hi3SBwMW99W7yl2Fw2DX4l65U/g7nhv1R/Hf8p0gwGF9N4j3XBsJskYUblyfHlFsJoCaBPnE58jhkSfzBh3Sx6dX4YU+tx43Rg/Hv/XpcSBo9LF+ByAPS2q86Jr98R4fPfws7HfG3Npju7s1e9b2Xa/ssYijN7EWEbuTHGTOXuI9IZk3D28zjUczzRrQPX2fb/aDrfupHdVPbdIQtXbjCHjvbQ74bUdSjx1e26oHta0GA7tC3+mgqk7wUZ28iOpxsFcPe2r2rf27PqgOHM3CkuYZohzrFFCic/CptVVJ3TbEWJ85f9yBPvoyHWv6NMFtinBv17ggxcV/b83+Ovl79XI3OrafO03laTSPRlYPC6+GvTlU6ubWmPG60+Pf+t39RBhUwlHFM7dzbTAfPIbi53A8N2v9x/e6JUt43+flvrx7Gw439lv1Vexq5rgs0VbF7q00bbkd78WB0GvWfo7mTXuze+fDYPKz3l01m2/l7aQWmDNNGutPG6M1nVVGbxU3nC3FjjAqz6fUt54+bV5rB+uPYe9waJOKUB8f2m0xoJvWq3A42mj1Xl8fZ3t/OH2Xuj+Fx/Wn1A36ttSVNVUmvbXycxU0SGXwgWn4+SQ+Dht+87OmuF1Z7xx6ktHTjGBaHX80fKzu5Ibj81P1YM2b4aT8SpU9/rC05bystXbb9/K6j5a+iPzmaB72RnUdvyyFn0/YM2bD3VgYGtZHuYWGDYjTiY8w8SA2k/Dn+TJf52uCUpWqAlIk3lBqgqxUiLSq8aZSryO+rBCjyotitaKsRIMIuMwLpd9xZgWe6wQkm1ptFBI4dUbMH5wgcZq740RelDlefOD5B0nkeuoEbGi5Tgj6y5M4Rx9KyPMsihHL723gOn9xeIP8gIR/R+GqXMvseCbOOtzAHlkSFLbuEJym3AchXhlZdBcnvg41A4MKHzlBXCPKOoHMpuEBgDb6LKM1+VsSKlKV5/m/OOpgKzKJHhlt10bUCdgNWe0wXDPeVcrcOV36tSiNSRBZ4QJuvyjx8N+iVC7DxUNOJxZYRkyuXF6UfixKQiJsmOWNi9lCJVlpQunySVLG4lUlWaRNFJAHrum7H1BEsGsSLi11MUbOYlqu7SHnkJVLWflwtYJilRVXs+IRuM51smKxkpVPbcMnloU4z3d3FBydheaQowKAmAWMyZrmVdWy4glBdlZYvxLaxDby50v1AgXe1ZVkPgtr0x0NLiyRc5x1acghx4yv5OUVCsxk1bUhHCP7gRtkZMzFsGlFLcKZKERwVATnZA9gpswgAzduFCvT9W7uFPkS0Gw3uAbGbuSEuZOql8CBs4N4jS3jIg/UE4YTL3EQEgE8VrmgEKSbqOxZypX1kKmEi49ZuRZ1c+D6JbgzyV1VvOKi1W3nAIxRHTkWAq6f6YrkxOKFMzIA7g/14FNk/smQ7HbPFOInPBScxEgfWianRmGErAIIo1tva2nOsFXlvNowTagPAVuufS1bIfGdEyci4wSS1g48qMRAYGTbyKcBVAoMqzS4DE2JsTTSe+DgIAK2R8A0PnA63hAzsnJWSowxlUAgEN+zEDNT+papUVtnNEnSdzAWXm4KldOL+CCE23HE9iz3QHJBJVXOty24F6Mujm49dPGHAcWOOusvdX0tVcXIbCEodHSdT1vhzE0jgAeDU5EDlT1JgSzsKgVirW2C4OnYobhIF+SXzG7Ibk1wTsTuZR9GfnwElFf94GA4lThkRUMWA3L1bFv69lAScM8uRlbWY7JSfBbUWzPC4RJbKA0qufYtkmFYfE01ThCrCivSafyM9NSf2QJ+5q+hgheAipg6pq7CSNM/KNeyELU5xw1JKpKKLVk5aAnWRraXPOYJVL4Bhbq4tBNv+Qx4g9P4TEiPjyWyLDftEhJ89TbesIhj0nAZoB1EFIPfoDmGW8DKknx68F4jBx8Y/gbZiTmnbK7U/8Fmj70F7Nnlb4ND9Pl1alX4hrJ4rlnC4MGQ4jfIte/CSJTAbrkLYAxwy0lgWnIW/CO+RZ0Tm9XKVU1KamI+tKvVS1RcCYiP6QWO+abt4ijJ3Kyoli/cnWZOyvjvu9Cg+OZ1eCu5dx9MtGkuxRUhK+9A52dxBoKW0mdxrjB++zCBwmyHOfU1t1u6IeX+EFnlUuQzATOCrHCTNV5hHCYdKkp62OABXgso2VzPRywKlWoBpmchTNOsUZQCwKlkMUStAHGq8JyVlCMTLp4qrBegk/Kqso6NvyFn92MY4YL1uBsbbdzQzfV+jNs2DbC7I/7h2ns16fT6M0UACEIosm4nh5ILUZ1pDlT57mEbuxaBp/IAljK/1aqX8IE+yvquxmhXW81MB8QaoKzWQupbTSYsYvrCLzaMPZvUM/Ui5s946rAugyY5+OXPuvDvd+W0iYWsjgajXIt+6aG44WHIycYnCLpoeJWDIFbHNlw6a6rF7xTXePl+W+ViG3j3W3z1Ah/HzLcblIsN8UW/3VDk2nOr8CIy0L9wceKq0waB568KxnjMtZCFI+vr6RN44aKvgqEGpo38nFHswUlXz8MuXRgDvru5wMtXypOvacnAkz+7qMKdSYot7kcG5xN8vldRuTsTVrSB+W3qWGAxtHFBnItBKmMumhGDOshP19L2e6znGONWvmtzj9RH6SDHF8JSISP/ZVAkE6+4gfbtNI5xX6ORkJs3n921mz8nN+J39VFeynhNRssu8AQliJCTrJq99Xn8J7uz/9IZLmtjx4H3a/Pl4nTKLYZwGl1vwrROCOmQd6OydmEO+TOdQhmn+gEcZTe4ZxJC7eEG7dRbonAV+ac5jpWl0zFi2pUnvTs5Nb9B3J3SFc00iEI69N0Iv1ZLTWFyCovAUXiDnDW06eyLzMm2tNtxgxAyNv4aE5z98RsAHd93IcAenMiy4OcrsqiZ2nFaU0mI4miBlf/+WrCvcOnv08+BmWj5p+9xiUm6h5wUXzeMlSTzRKrhqlkTWUM3Sj7wpYjLD3gJop2E4kM8hItyWRDKgjTh5fgzHS/dybWKIMv8f5LvdnDH3//7Xfr9fxXOsEM=;;00-0908176361a730b781475e3f80d799a0-7eb6022657f2be1c-01
1130322509;GET;https://services.psg.co.za/distribution/imports/api/import/Find?PageSize=1&imp_log_batch_type=30&imp_ref_provider_bookreport=~nu~;200;2024-11-13 04:00:03.00;0.04506;NULL;;eJy9VNly4jgU/RXKD/MyMUg2ZklXaoodk9gQlmAYuihZFiDiLZLMlqK/fSQgPenpnpq3ebPOPXf1veddy1io3Wud1ji3ESLl94vCosAJ21FMeD7l6zxO8ie0KASUC0b9TNAkXhRolCZM8EUBpfTjtSi0aRz8MUBrMqIn8gB/k/gyTNZLHwm8WYpjSh5McEEZWS1TluxoQNjST5JXRlSIh29x9k270xh5ywgXyw1BksC1+3dtIovSa2sSC1VudjqFpCsLXhRKeStv5bDsY1Eo58sgD3KD7kB9F/MQymDdhCufn5uStoMuG9AZiVCayrrjLPIJk2TlV8vEJmH0hFTLEqsTxAjLkWMPEK9G+7T3+AKf6VOjt/E7WL1Hk5MNXdqr5iUpxaajwCToDvf4lOInuN/5XrjHUXsbdMLtfGTtsYGzmVHJSNS6BAqmz8pHEK9+nE1dgKZuaNM9nXubvb1NDu7JObjjmuE2ayfJT2ee5G9bpnNqAXfrHJ2mw+3IonNql5wxPjnjZ8M52XvnuKdBN9zPR3bJjt0Qm27qG0WVE6JLTvvgNh3T2dYMlS/wejuZjz5Phu5ocuFtfsWb/czjN5763gbd9eV79ZwfnJpPrXr5ceBlg7CD4YsfbY5WNdj6UzCKO2DWbe/H0LbEwEqDrefant0TxqE/9IJKtzevhkUT77ug2C3uZv3+JpqVXoy2Gwx1kzasqLNy3eV2uDds2KlX3gZePdrs5kDw8Vu1varXZ/p2XOHB1DWHo8eN35hMrcHMSsR0abTgQPcmlIWPhwi4Tb5+7XeOxyaxYHV4bDYNTjeNF3g8RWg1r65P0z3rT+Zm+w321gezzbuR2S66TpF01uW3Fa8Ry37FVBwejV6/xuqHSjlpF0etY8f0O67PJ6Xha41hZ1esxQxMnGPo1cVYf6HlPX4N3aWnu43ddq6vu2jJDMTqA090BtURfl7Ct0ec+tP+bgj7fviqN1C/Jvd0zBAmqdzNy2kAoIMqqMByySxBVDaBX67AYtki5qoCgnK1ioBeJn4JGEbJKq8Mn0CsA6id1dXxNIk5+Xx2TSSIjDolwV0Omjk32eUMYBRzwLgH4N40ch1nLGtoJLGQ+fWxvHFJl9cUUoyuWrHlSfwlhzeIcSIeMrHSK588nki8FhvpY1WrVzgm+HZxr4SkOgrpjkiLp0tlofHHNb4vtHEiUNhIslgstHt4t9AaGVNTUAp0Qz7E6Pa8eCiM34Au4gNGdjTJFLJCISdX1CUH8YGcZfaRFD8s+2Mo5kqp9BGRkkPFUZYSISkja6lt0DJLAIAvORrjMAvIKPObSYRozK/jvYqanwTKS/s08BskexoSnoUq85/yoZSSBvJhVsHd9RmjSDUjOxt1cnbMM0Zyg0QO+5gb4Q0JspDk7KscazeXHxVYRfsI9i8qLClxFoa/IEmLYZZuBsqXSP6pnQopWEZuMImRH5KlnNd6LZfoRyMOEeeX+kWSkgPB36tcJaGqAidRGhJx7fG78RZsyQViYhmgi13VeP4qGS3GEvZ30S9yY4Lr7n3HHCKQXGV0G+xlk9Y34P/cpPOdyqYO9lNy9bSDS8f/dbqXiYxSFH/wTQJLPiwZvmVCYF3tg4sW3Bj/vPULo4luE1a3rEOoQ3MMiuqigZm3iiVQNeDvlxNfaOfz17N2/gt5brX6;;00-0908176361a730b781475e3f80d799a0-7eb6022657f2be1c-01
1130322518;GET;https://services.psg.co.za/distribution/imports/api/import/390;200;2024-11-13 04:00:03.00;0.04472;NULL;;eJyFVMmS4jgQ/RWHr9MGeQWqow+sxlTZuFgKwzBByLLAAm9lySyuqH8f2dA9PdMdMTcp82XmS+llfohFHolPojlcCCFjGX3aNrdNivMzQZg2MnpooLRRwm0zIJTlxC8YSZNtk8RZmjO6bcKMfL9tm2oHiF/EHL8XmLJdiGGAcyo+fYhLnlHqHnDCqlpFWUZ4zKttm0ZDb+gC4iS2zVajBRpAcMduddYassyTjVNaxfzKiPu6BQvTnJSw4sRBPQxznAv4NgHY65IpmTy/ya/kpT8JfRNV9/mytGSHTDoNDsqQalfGNBjPLqjM0It8OftedEHx6BiY0XEz1y9IQcVaaRc4HtaJgtVrFcOw17utVw6AKyeyyIVsvPBiHdOrU9pXZ9FVnEG35Phs7XH8caja5RA4R/tmD2xqxTrZEMuwF6i0F6+KXVoX+3YhwTi6bOaWYSVOhFQn8xWtqinDuqZ1dQa2ah+7SlUv8CZnXo+8LmfOfFnjwt/h1r/i6ANXnY/B+FCf968Ntxy8DHutZ9cr3MhE8psfhze9Exz9FZgnJliPR5eFbOnM1bPg6DmWZ02Ycp3OvKA9nmw6kaaiyxhoY+28nk7DeG28KSMnmEkq6euxuXec3XF2USzZ7LXfXa8Xh+cNYHTx3hnte721dFy0abBy1Nn8OfT7y5XurvWUrXbKUHYlb0ny6PkaA2dAD6epebsNsC53ZrfBQKEk7L/JtzKG+03nUK4u+XS5UUfv8uRwVUd0HKsjzbE1bB5a73vaxbp1QoRdn5XJtJv3ru1WOtLmw5up+qbj06UxO3VzZJ+1bpKDpX2LvB5bSG+kdUGnyNl5ktM/HzfSYQx3uQLznusx0+3M0etOfn9Gmb+anmfy1I9OUh9Ou1ynixwinHFt1vIHQAId0JZbhmrIsKUCv9WWtZaO1X0bBK1OBwKphX0DKIqht/aKj2UkAVn8rCaLZmlC8c+jNYAM86wrHHwRZFVw0rOgAEUTgPIEwJOqCKa94Bz6acJ4fWlxyyo4zLKIIHgf5iNNk68CCmFOMftWsL3U/iniBScHFvIYra3fzQlGj4k7YZxJMCJnzD1zvh8Qr5DDhFb7QJpjPtiE3TgwhlcJHvA3VdZVAwDwVSAJiooAzwt/kMaQJPTe4H11+GlQRYk/tfwwfWzFGaZFxLa8+a3IN8+OBPzMV8+X+zWBMeaGrejOTcFKaJFjwU15tzdhjkIcFBEWrPvCEh8hUXrY+ZChcMf481TZvifL8X6X5emZ8OfmFNJTju+RT0kRRb8BcY+iGg8HoTvIn+pcpWR5gR9mnEA/wjv+XIcD/8V/O1EEKa35szTDV4x+sNynUcUCpXEWYXbv8YfzkWxHGczZLoC1v+L4yQHDPE/zfzi/8R8L7n//w2ZjBrmUILf8yd+1luzj/v1qBXXJ/xNvTWmeweSBN6CutgAXjy77GMJ97XfraXgg/qv2GjGAjxYrNUuyLMnqAmiVpoHaMEC7bajaH7XIt+Ln51+f4uffHSs9Lg==;;00-0908176361a730b781475e3f80d799a0-7eb6022657f2be1c-01
1130322522;GET;https://services.psg.co.za/distribution/imports/api/import/get-triggers?imp_id=390;200;2024-11-13 04:00:03.00;0.03762;NULL;;eJzlmn1T4joXwL9Kh5ln5t55tpi+UeqdnTsgCuhSkBdBxWHSNqXBvtmkIOz43W9awOWCq6is7sPjXyQ5yUny6zknJ+Z7Jo7czGGmfNzmHEpDctg/6B8QFI2xiUg2JMOsGWRnsH9gYUIjbMQUB37/AHthEFHSP4AhXpb6B0NEeSY0HKKI/M0qB9j6Kmkg8yUTobsYETpwELRYY+bwe6bDtPCFIfJpoj+ezVxUYTPoH+SySlbhTDax/oGaVUEWcI1KI/ktZwWBDVYJSNJnc5asrRBTJ4jwDCbzZEJFBCMUcWh6ClCvgOv49OxCOMffjk4do2wm5VZnVhV0fKplmVBoSrWkMrAqzYk5C81vwmRs9NyJ6Z2MrLI7umopE1M040sxHyPvOB3I6p4nfSjqFaeXXR3Aru5W8QRf9ZxJdRTc67Pavd4uiHqpMGPy4WWPyY+OpdrsGOij2rRWqpGqp+ArXM3V2uas1j4Xa7PqpDadYKviTq5a1VzV111T0kNDlBOdAkx1Vu/1Uk2qjQpios/qnY6ZPnzeaeqtTirnPCV3uSlHFnLJ75FVGaa/7fNsY1b6dlxUzxq9uOGWTeHC8JypolkjowtafhlcVk4mbaGq0IYSWqOeXu1VT6l4X2/2rHzl9EpzZcmcVIBckceX9brjXeYuxBPdavISPlK8sq3rg1FzIlaFcjF/1+gVPWd8BShp32kndrF4yY/aeWJ1danZOnOMo05XaVwqAe0OxGOhwfc6OHLP7j2gl8jwtl6eTktIEbTmtFQSCXaOLoTpzIP2lTacdSdRvXMlndwJp8N76YRUPOlE1msyKg/VO5sUkFK9NTG9PxNP64WoeJ9XgxO5dTwtS0ZZN0gn17wtRGZtLBf8CHRqU7dXpG3+AqsT89bVBz1ePxqPrvhhBQ4iEUbFRo+WG1rLPB8Id2dmaHTr46ZQN9xb/gjWC+w7bUfQRCH7NtPPHwAeaCAvqDkpJ0BVAoaaF2RVQZKdB5aqaRDwKjJyQBRzimqLBhJMHgiZh8SySBj4BK2aVglSxEbtIusLJ0icHow5EYgyB8RDAA4lkSvX2mwOR4FPmX6+PQ0TcRiGLjbh3MBHJPD/4kwHRgTRrzG1+fxKj2/IH1KH9dGAqM7rfWQuTO4WoZCHLh4j1tJi/sBkKiLok8RJ8C3ELBvTKRP04D0Ph+irJChSDgDwF4d9040t1IqNUuBB7JP5Cue+wwispFdmZc2Lqu/9TBOR2KX9zOE1K2CPMtfDCsKXecGHHmLFfqZqc9RBnIVtG7G9NxEXzGvG0GVKODsKPO46nS1M1zNvmNeTII5YDwtSeMNB33pKkDqQcg4cI85AyOfCKGAeiiDrhsOE84IolfC5a+HmP9wfMfN2VjDx/+xnFhM1XUhIOtMfU3xsjJA9mLvagekg85bJSUBdNibgkiVnQfK3HC+I/WRXlmULTslKEVPkrZbXNYipivxSmgyStY6TraRRjBbVHvZjilaHSbciXcXj3IMQsRkG0ZPKWKUfu+7mJBbB5N/tfkCxPR1Q9tWyBvHhyypx8f3E0z3bhvhc8MOJa7+cuACeIG5Dl/yWyKWfIJ8bJKP9WmjXImCsUnQ/gM0pJuOyXhFzW8vvKISEctcauGGfyfQP8hRZ6jCP5QSu9SzYx11fghXBNmS116Bd2dP/BWuWX0RbTYdeGmq1dMNNIEllCOvDAsoKIxZknoFkxfPw97z1CcIapK0YMc37C0l5EVIjCqzYZAnCScx86M8iamJ52qsNT3q/4QFljam2FdM9RprbEdKf2+IOTHED21amuM+WqL6IreNjdphmQdCnLAGhnB97BkuP0716c+x7luWWsU9cY7ld7NtnmPktbBB5OPaedajS63Gq73eo8hpNaSua6v7C1LaA+T6HKnySPxXeD+23zSweT+Tr2OYjsgSCzPOHKPZ97A85O4g4N/CZlkXSlwPMNz6uaQMM6zew4mh+5/IMm9UFvQbOr3KPOfAb0BHBNi4ytSoOWtZjcqd8xhlzPbwpH3XE/G2N60cq9eERTt5BzvC2ECfv8YFFEl6+iSkiH9mY7hro+29fcrm3Ad3n2xdJ2M0Z9PVJ/Q5u0zYMdKukfq9wSms4xZ8dZz7mpmYXUN90U7PXUKWXne4WSf+nnIk2k/4POxX9NjjBOs6Xr7x/yR2O+ml3OOo+4VyPoPLWLvdfKQr4lDPtBr7/vyPtujnK2+QoO+G3g+j4Nn57FR03+L18Jb7kxxihiDg45Gjy72IbRdGSp/B6nNJ7acobDzu2+0/jPsPc/r5ntzA15ZNoaspe4bxh9cdRFKyIXUAXW4v7z2VdDVFYYolGf/6aK30qtygvi1UrnfRLj+bSRbVC6C/kBdMycqqq5m1RtnKikbY30ld4C4n1V3apRCm9OmetySs6XhB4QWoDOXlLB6QsEwWSqvw3fVzXzzw83DxkHv4B5inxIw==;;00-0908176361a730b781475e3f80d799a0-7eb6022657f2be1c-01
1130322537;GET;https://services.psg.co.za/distribution/imports/api/import-check/Find?PageSize=1&imc_class=source_id;200;2024-11-13 04:00:03.00;0.14001;NULL;;eJy9VNtu6jgU/RWUh3mZBpyEEOhRNeJOaBMolxIYRshxDDHNrXbCJUf8+9ghParOGc28zUvkvby29/aO1/ouZTSQHqVhf1Hx0zRhj9vatsYwPRGEWTVhhyqKqznc1jzCUkrcLCVxtK2RMIlpyrY1mJDPSEY+Ru/b2oBE3h9TeMBzkuMn5TcSoh0KIGNPLM4owjviSQ8SxR8ZZunOx9DDlEmP36Ulryu3DzhKRUdZngd4xHva1hpVvapXEG91WzOqBqiCynQ0Fet6VVH4YaOYiZxf++Z7F5n3KFMcwiThTUVZ6GLKySKvnaV+TEkOxa041sGQYlrB1zHATptMyPj5TXklL92x7w6RiOfL3FRsMm5VOSlBmiXA2BvNzihP0ItyPrlOcEbh4OgNg+Nmrp+RirK12sxw2C8O8lavIifFTue6XtkAruzAJGeycfyzeYwvdm5d7EVbtXvtnPOTtcP5x75m5X1gH62r1bOYGepkQ8yGtUC5tXhVrdw8W9cz8UbBeTM3G2ZkB0izE1eti5oKLGqaF7tnadaxrYp6njM+8XrkdTmz58uC5/8Tb/0rj5U8sT56o0Ox3r9Wp3nvpd8xnqdONg2GSHlzQ/+qt7yjuwLzaAjWo8F5oZh6OtUT7+jYpmOOU/UymTleczTetIK6hs4jUB/VT+vJxA/XjTd1YHszWSNdPRzubXt3nJ1VUxl2mh9TpxP6pw1I2eKjNdh3Omv5uGgyb2Vrs/mz73aXK3261uN0tVP7ylR2loQGz5cQ2D12eJ8Mr9ce1pXW7NrrqYz43Tflmodwv2kd8tWZTpYbbfChjA8XbcBGoTao21YdDw/Gx561sW6+I5JentXxpE07l6YRD+rz/nWouUPbZcvG7L1NkXWqtyMKltY1cDrpQn4jxhm9B/bOke3u6biRDyO4oyqknamTDqetOXrdKR/PKHFXk9NMmbjBu9yFkzZ/pwsKEU742yykAYAMWqCpGA2toUBDA67RVOqGjrV9E3hGqwWBbGC3AVS1oRt71cUKkoEi3YTqWBJHDH+VXQ+mmJ+6wt5DRdEqdnyqqECtV4D6CMCjplaG1oL30I2jlNeXF9dE0LmaAoLg3Q6OLI6+VZAPKcPpU5bu5eaXjBccHVKf5+h15Q5HGJWKe8c4kWFATpjvODK3DRJ9qvH7VlrEKQy6cRalW+lRedhK3YyKKQh7KZFPpynDIkNgrARGkE0pPpE4E8geBgzfURtf0k/kxqvPub8hfj8KI1b42RxzyyHplbcSQm4jB/ykKbrWAAB8q5AIBZmH55nbi0NIInYf793U3NgTWdKXgZcQv9MMsywQlf/kgTBH4vFAU0SzIoxgKC6zlczCVit316yYva1UMlL+CzhDLUN2n6a4L/hyxi4OvH8/x8MMUZKUyXx2Pq6Qn8jVH+zCwwveDx//sUc/7/TZE2E7yLs6iT5TmuHbX3yjT2lMORBlQcDDN/7fPVhWLzELp5A/SFiOp3gPhxL4P9/D7UFUE7L7UlyE5n2m/yXAYjLzBEYlv6k1MGy2vAY0VIN/iv1poeiS8bNiC4bQZrErFCkriqxoC1AXugRatanpqmZovxdC3Uq321836fY39baRgQ==;;00-0908176361a730b781475e3f80d799a0-7eb6022657f2be1c-01
1130322539;GET;https://services.psg.co.za/distribution/imports/api/import-stat/Find?PageSize=1&ims_ref_log_batch=2247840&ims_ref_import_check=311;200;2024-11-13 04:00:03.00;0.01699;NULL;;eJy9VFlv6jgU/isoD/MyDdhZCPSqGrET2oSUpQSGEXIcQ0yzNXZYUvHfxwF6Vc0dad7mzefz9/ksPud8SnkWSo/SoDerBJyn7HFdW9cYyQ4UE1ZN2a6Kk2qB1jWfMp5RL+c0idc1GqVJxtm6hlL6ZcmMI76u9Wns/+GgHZnSgjzB32jENhnZbsJkt/EQx8GTomhGQwM/b27yDQ4Ifn9SIZQepIx85ITxTUCQTzImPX5KcxGV3NqRmJfx5kURkqGIeF2rV/WqXsEikXXNqBqgCirO0CnPWvX62DBhpebXrMTdSRYZyBmJUJqKmOM88kgmyKWulfMgyWiBypwF1iYoI1mFnEeAuC06pqPnN/hKXzqjwBvg0p7OCxPadNSsClKKVasEE384OeIixS/wePDc8Iij/t4fhPvVVD9iBedLpZGTqHd9yF+8lhpO3PZ5ubABWtihSY905QZHc5+c7MI62bOWYndbheCnS1fw9z3VKnrA3ltnq2sxM9Lpipp1a4YLa/aqWIV5tM5H6g/D42pq1s3YDrFqp56ilT4huvo0T3bXUq19Syn9+e7oIPzR1/nEns6vvODfeMtfeezOK897f7i7nrevVafovvTaxrPj5k44wPDNi4Kz3vT33gJM4wFYDvvHGTR17uipv3dt0zVHXDmNJ67fGI5WzVBT8XEItKF2WI7HQbSsvyl925/IKu3o0WBr25v95KiYcNBufDhuOwoOK8DZ7KPZ37bbS3k/azB/YauT6XPgdeYL3VnqCV9slB50ZHdOs/D5FAG7y3bv48H53CU6bE7O3a7CaNB5g+ciQttVc1csjtl4vlL7H3C0O6l9NozUvmZbGhnsjI8taxHdfMeUn56V0biVtU8NI+lr0955oHoD22Pz+uS9lWHroLXiDMytc+i2+Ux+o8YRv4f2xpXtzmG/kndDtMkUlLUdlw+c5hS/buDHM069xfgwgWMvfJc7aNwSfTrLECap6M3raAAggyZoQKOu1iEyVOAZDagZOlG3DeAbzSYCskG8OlCUum5sFY9ALAMoXcqpY2kSM/J97LqIE/HqgvgPFahW7ORQUYCiVYDyCMCjqlQG1kzE0EliLvzLs3Na0sU0hRSj27LYsyT+UcEByhjhTznfyo1vihcS73ggNKoKb3BM8H3i3glJZRTSAxE3riy2Co2/pvFzLc0SjsJOksd8LT2Ch7XUybOyCuX2EQgUyNciuptXRYmxu2KImJORA03yEtmikJEbapMT/0IuwvtUbD8s8stQzK7bbkrEyqH8LEKJkFgjOyJ2l67WAQA/KjTGYe6Tae51kwjRmN3Ke1tqXuKXKulbwe+QyGlCWB6Wnv/8SwTSy7IkE0ach6Ew30Qt/FtVf2IW4Uh8Eioln9eEaby7A/9njS4PpbeyFb85L03TF8Za+q+mXEvi0WmK4jtfAaDRhEiFPmiiBoHXe+fa5XfGP7v4yij79a5XNBlCGaozoJW9CtRqo26Apqr+fm3etXS5/HWRLn8D+mlKIQ==;;00-0908176361a730b781475e3f80d799a0-7eb6022657f2be1c-01
1130322560;POST;https://services.psg.co.za/distribution/imports/api/import-stat;200;2024-11-13 04:00:04.00;0.14486;NULL;;eJytVNty4jgQ/RXKrxuD5DuZmgfumMSGcAmGZYuSZWELfIsvGJzKv49smMzUzFbtPOybuvu0TqvVp9+5PPG5R242XSwbXpbF6eOutWulJDlTTNJmnLpNHDVLtGs5NM0SaucZjcJdiwZxlGTproVi+t3i0wxl3AOXkLecpNneI8ghSco9vnO9KMxImPHPJHQzjxFCIDDkihHxHZdFmGuUl6VPxqyIXUtpyk25gVlxu5baVEETNGbjWXWWmhCyzO8XLq8xYbkojn2K0a22YxqFDDKO0ura39/CYp0886KElnUGA3UJSkjSINcJIFaHTunk6RW+0OfexLNHuLIXq1KHJp20mwwUY9GonJEznhe4jPEzLM625Rc4GB6dkX/cLuQCCzjfCFpOgkF9kbN+qXIyYnWvm7UJ0Nr0dVrQreUV+jG6mKVxMZcdwex3SoaPNxbDHweiUQ6AeTSuRt9I9UCmW6orxhKXxvJFMEq9MK4FdcZ+sV3oih6aPhbN2BakihOimlO/mH1DNI4doeJzrMmZ8dGX1dxcrGqc92+4ze+49I6rzkdn7Nbnw0tzVvafB131aWblM3+E4asdeFe57RztNViEI7AZD4sl1OVsJsfO0TJ1S59kwmU6txxtPNm2fUnExRhIY+m8mU69YKO8CkPTmfMi7cnB6GCa++O8EHQ46mpvM6sbeOctyNLlW3t46HY3/HGppc7aFOeLJ8/urdbybCNH2XovDOCMt1Y08Z8uATD7qXuajq7XPpFhe37t94WUer1XeC0DdNi23XJdJNPVVhy+wYl7EYfpOBCHkmlIZOSqb4e0Q2T9hGl2eRIm007SvWhqNJQWg+tItEemna6U+amTYOMsdcIErIyrb3WzJf9K1QKffHNv8WbvfNzy7hjtEwEl3ZmVjWbtBX7Zw7cnHNvr6XkOp7Z/4nto2mFzukwQJjGbzVohAPCgDTSoKqICkSoCW9WgpMpEPGjAUdttBHiV2AoQBEVWD4JNIOYB5D4qTaZxFKbkZ1H2UVZpZ02chwYUG2Z0bghAkBpAeATgURQaI2P5B1L70sAeSlKSfc2zA6/9lPGpdgmAmzsk+K64EyExj3x6JiyyYJsFM4YEhWm9SRaEaZ9mVwYM0IVHLvkqQllUAABfGjTEfu6QRW73owDRML098LZ07Mipst53HA3SfUIOez9y9zbKsLfjHgVBUjUJPPyI3lbXHnsEnxhAhPAePCM/J8zzHVxtv9D9dO+4qlc8hDwUd9wH91OLf5QwJ2nuZwx9L4c67Fz9mCApysP/V2Lzz4pkoEGSRAmLhLnvM/OV/YBz+8tPn0EyxEYDMc/frO6eh0KX3B2f9nPkusSpKZZJxcUSseffXrjjNEUUVVWVJcBoPx7ed7dJ/nFLbeo38H/NdH35IkbhHS+x9h2wowqK1saskXV8VovkjvhVBDWiGvdferIEUjXqQGoCQZaktvZXPftVzf98cB/fANtUTXs=;;00-0908176361a730b781475e3f80d799a0-7eb6022657f2be1c-01
1130322587;GET;https://services.psg.co.za/distribution/provider/api/provider/Find?PageSize=1&pro_code=PSGKONSULTST;200;2024-11-13 04:00:04.00;0.02300;NULL;;eJy9Vdly4jgU/RUXD/MUEy9glq7UlOMQcMAOxECAYcolSzKIeIstm6WLfx/JLE2ne2re5k06d79X9+h7JU+DSrvS7YyFNaVJ1l7eL+8znBYE4qyaZKsqjKsHsLxHJKMp8XJK4mh5n6RxQRBOl/cgIbfXZxKhP4dghR1ywA/yH0ziwhjhh6HT7b/azmQwdsaVu0qKP3OcUXeNAbPLKu3vlQkLK+orHFGeUH44BLjHUlrea9V6tS5AlunyvlFtSFVJGPaG/FyryjJz1oszbvNr2ky2E1mGYopDkCQsrSgPPZwyZW6n53Qdp+QAeFEMe8QgxamA9y8Snunklbz0p/KIDIyXtdeF/O5MDqZsk5dWlSklULU4GKPe2xYeEjiQt4U3C7YwfN6gbrBZOPUtVGA+V5o5DjulI/Q+4jYUzx7383dbAu92YJItWczWW3MT7+yDtbPHumI/6RLTT+Yzpr/pqNahI9kba289jTIzrJMFMTVrDA/WeKRYB3NrG1uCesF24ZiaGdkBVO3EU2o8pgzKmObOfrJUa6MrPB6avRQsHhlN3thUSr317/Tmv+plZz1+3qDeqjz7o2pv9Wa68USJrCnAASmCUWMOWkVj+vFiTKah3++06uYa7YE7so2g1tSGUH8OF7JxqEWi0UNJvF2s7LHxPo2pru4Ka7fGr0brkPirntzv9T4lHbmd7nBGauZg86knsmIqj+IkDDxnElHU2IcfpgE/8uhdffYyff78WSyCJt09+lptvJv0Xncdv5vYcF0Lkhmpo3lf3UoD3GxSDW2svl4fF01zbA0/ibYr0oFGPnS3t8HAXhd2t/W+VxqWZi0kf4tCz1ONJ7gz3qK1nrZessjwQsla2C/TtaLbn8MmiSdPxaILUJIYmTSAg8dB/CrDRO+AbVdc0XxgOK2+mAUzCRfdVh+RQ3+2Gse7D9tO54jYh56a1KaTLXun4xRAnLC3Wa6GJIlSS2rKDU3VZNBQJa/RlGuNOlb9poQarRaQxAb2NElRtHrDVzwsQ1GSK0e+dVkSRxm+XbsnQDHz+o7RnSCrgh0XgiIpNUFS2pLUVhWha/GFNeKIsvjieJ9wdbZNAYHgxAabLI6+CXAN0gzTh5z6YvPGYoCjFV0zm5YqneAIw/PGfWCciIC9FcwkbydOEEvDHT1FMdEDJEgs5LbW0lixqCXWZK0p1jSoiaABgag1PYRrqgykep15mYmMfkh02envy8o4piAw4jyiy0pbvltWjDzlveQ0dUYujHW+lhYcy85AD2TDFBckzjnigyDDJ9RmiV6QI4vuMJKErEspiFirUyo6mBEXoXuWSggYGa3wgyrXVU2SpG8CiWCQI+zk3lMcAhJlpyGdqNGLEbeq3IztDLGa3nCWBzzyX+zCSZYgdlFU7e50jUDIi2GVOV3BYSxHhTFOQ0FHIYk4lZ9GVzmrk8xlvWYsjrkbmub4LAAZzSkuKbx0d7XI4jyFHFN+AtwU+5g1F57UFVm6WlAcRGmJCsLPoBvgFQi+inyw+zcRY3MS3IiuggQgRKKVWwaSLtq7sssufxarm/Fd/qZLn67/09UdK8a9/m2VdpQHwY+GsZ8kxUEAvnhkkjVBCEe/4hkOfDeI2eqhL8KyoC8NpoCWr+1SBvuBgRdgN08QKEcSsSlCWpZ664snfcntNntZvnjiDxMELv9QfwoZAA9/gXy2SWyYP/rkjPWrEOSUpYUpH0YUU+Lvf1eWC+HPPik55XPNtyB46/Kizj0+/s1EnTSNb5o+ZSyBzo/2glksNKMvcF6Dcu9XZ+D/3PvjHY/GSfomOL+aqKz8v+i67IyTgOisL7fUlq+qio8xM6h5pXxY8v9Z4yu/LyvH49/HyvEfgG1Jew==;;00-0908176361a730b781475e3f80d799a0-7eb6022657f2be1c-01
1130322748;PUT;https://services.psg.co.za/distribution/cron/api/cron-task-item/error?cri_id=32660622;200;2024-11-13 04:00:05.00;0.03684;NULL;;eJyFVG2TojgQ/isWX2/RQARktqauGHEUR/ANx5fzygohShgEJoAoW/PfL6hTO3V7W/eFSrqf7ueh090/hIJFwoMwWbiNIM/T7GHb2rYywk4Uk6yZZocmTpoV2rZ8muWMekVOk3jbwqz+opTejmKOsjeR5uS4bRHGEvYnZnRH/UcoqypQZVn4JjDyXpAs3wUE+YRlwsMPYcGJRONA4pxL6BdVFZEBF7FtqU2lqTQw17ZtaU0NNEFjMpjU53ZTkniyQZLVMb8K5T6jyIOE0QrVUjnoiSBGWINchoCsDDqmw5dXaUpH3WHg9XF9ny8qS3LoUG9yUIqhXRsTfzArcZXikVSevFVU4uNz6PejcDNXSizjYi13CnLsXRP5y2kdk5PV02W9dABaOpFFS7pZBaUVJmenss+Oa8iOaUgcn65XHB/2oF31gBPaF9tcZNZRoRtqqbaLK9udynZllc68pP4gKjdzS7ViJ8LQST25XXNK6MppnR3ThnZoyDWfvxqeOB+dLmbOfHHFBf+FW/+Ky+64+hz6g8P1vJ82iRK663W//xKmI7apcLB6GtkDVK33u8HchH3w1jdyFVmeNVnY0UFZqLuQVq6mvdIAJcE5j8+9vR47r6enuO+G2oIacITGr+OA+LY5c/aqCXvwLJ+UQVeG5cjB7ak2VQz10sd482L2YvL0Dj2yefGPZbJYvU1W+3W0PIxIFCIxPEExMey0YJ3NMZqLQ7Tr6Ukv9/Z6MaZZ0r2cWDlEPd9XB/hZ1r1ov1Mre1nodvc0HNuVPikNdXXuUZzMo6GjaXY2rhJmwIE7fQuD/sxkA7dz7osvp/QwOLCweA7NafAamUG3v3RnU0fUmBksZwdD94yXfFjO/PNks3hLl9GOypv3cCjBATbHtlO67ntVFj29/3zgfeoyhEnKe/Pa/gCIQAcdSVOhKiENAk/rSG1NIXDfAb6m6wiIGvFUIMuqou1lj0hYBJLwUU9WliZxRr6OlolywrMuif+tIcGGk5waMpDbDSA/APAAYaNvu1xDN4lzzi+6l7SGozSNKEa3GQ+zJP7ewAFiGckfi3wvdr5EjEh8yAMe04bgZo4Jvk/cGyGpiCJ6Itwzu829eA085zcWy3/E1BdP0oOqq/xnfV1sS2pHbKtYFZGGkah2PJ+0oYSAovAsc758MNfJUMx/luXinPD1QPMLz3dEZxEdyCOUFKgCAL43aIyjwifzwjOTI6JxdivTbQF5iV9HCV8Kdzf92HK1WRHlW17CrXDbYfz8ucW+3WyM7Hf11tvVW4+7251Pj8+rvstyxOoMW6GuuChJogRd0K7rDuSt8BVKYv83QKUJ24oiq/If1xf7GVaw2/NwVXcT58uLrNZxN6T0llWX1Z+B9aok7Gp3JmZ3ZouTmWlZc6BteXG2Qq9e29wdF1HEr6/8+fxPprvNJjnifYW45S9enmv/3u+fV+vG/H+dfFU1T1F8x3OXpBLQbusdBH0ZXv2T62jcEf9u/SuibvLf10+BEm+pz/p9fPz9IXz8A5XqOAs=;;00-0908176361a730b781475e3f80d799a0-7eb6022657f2be1c-01
